{
    "title": "Gear Feature Row",
    "categories": ["fishing"],
    "content": "<!-- wp/columns --><div class=\"wp-block-columns\"><!-- wp/column --><div class=\"wp-block-column\"><!-- wp/query {\"query\":{\"perPage\":3,\"postType\":\"gear\"}} --><div class=\"wp-block-query\"><!-- wp/post-template --><!-- wp/fishing/gear-card /--><!-- /wp/post-template --></div><!-- /wp/query --></div><!-- /wp/column --><!-- wp/column --><div class=\"wp-block-column\"><!-- wp/heading --><h2>Top Rated Gear</h2><!-- /wp/heading --><!-- wp/paragraph --><p>Explore reliable gear picks.</p><!-- /wp/paragraph --></div><!-- /wp/column --></div><!-- /wp/columns -->"
}
